id,commodity,condition,model,log_loss,AUC,WAIC,roc_auc,k
JL,food,C,Exponential,0.1562047038462333,0.9890941904312138,13.885116460842267,0.982722098214286,0.0007323885775822652
BJ,money,C,Exponential,0.30304191031062655,0.982028696167664,25.247291247000522,0.9478293425324675,0.0012126596064836392
PF,food,C,Exponential,0.2855076695591418,0.9351313976297891,24.150502199167114,0.9498779761904763,0.004522336546274932
LS,money,C,Exponential,0.40088814666074035,0.9494182900173049,31.816974623903974,0.8818052884615386,0.003490849756437214
DN,money,C,Exponential,,0.9991149481493353,1.7142437367716372,,5.903829655753801e-05
BF,food,F,Exponential,0.3051024012025715,0.45540593327922096,24.12654843697494,0.9428261904761907,0.06169604180570687
KM,music,C,Exponential,0.33654671836290917,0.749481630864891,27.376279391876896,0.9335474837662335,0.020246584303252768
SP,food,F,Exponential,0.48860981308575946,0.09256814394704832,38.85016273043517,0.8658281772575251,0.36010182230748206
RV,money,F,Exponential,0.32633145726478285,0.8051099505747825,26.825428907047037,0.9457687693498451,0.01501439674464552
CM,music,F,Exponential,0.37413796958131507,0.1235783805719803,29.600439642314328,0.914105859375,0.2696575287736381
FD,music,C,Exponential,0.20233481729824937,0.46646659769247867,17.806449367685712,0.9853610681114549,0.05945097884831683
RR,money,F,Exponential,0.46494376942005966,0.8363146378561597,37.09404774067877,0.8586773809523811,0.012294131495415013
RV,food,F,Exponential,0.5863082988853665,0.033259365941618116,43.5175325963387,0.8465967078189301,1.0025273396670051
SE,music,F,Exponential,0.3347216877622117,0.10464865813479816,27.27326482663146,0.9196581818181817,0.31851331714843695
EM,food,C,Exponential,0.28502529372797264,0.9697156435202321,24.557688934929207,0.9495614149305559,0.00206077684831039
RR,food,F,Exponential,0.4025364586657672,0.03867766115989082,31.438961858664047,0.870022633744856,0.8620167957741685
LG,money,F,Exponential,0.421910997068008,0.33478379793084145,33.014185860741364,0.893141253869969,0.09355190362796403
DD,food,F,Exponential,0.35113486688738926,0.20550932510226058,28.15025192724316,0.9317154761904763,0.16090062554179235
DN,music,F,Exponential,,0.9991071806303644,1.7590649163221446,,5.955674560171554e-05
GA,food,C,Exponential,0.3755754607447408,0.47468152587395396,29.997337477894344,0.916637890625,0.05783648263815848
LD,money,F,Exponential,0.30981997938644323,0.960028137298439,25.44442979838235,0.9397024739583332,0.0027382565700722955
AK,music,C,Exponential,0.38456260513811324,0.869914822106631,30.336129786618063,0.9067930194805196,0.00951694394350438
PF,music,F,Exponential,0.3004186365473888,0.9641685748484143,24.057106614216732,0.9311040909090911,0.002447584757639938
VS,music,C,Exponential,0.5641615350398037,0.3680571967962611,44.95516748981373,0.8297169117647059,0.08307356647983034
VB,music,C,Exponential,0.3944392294247182,0.9043386279705143,32.402595008229056,0.9062615740740738,0.00681965637227793
DCRD,money,C,Exponential,0.11140234949378824,0.9888121797808904,10.822007992292509,0.9919429545454542,0.00075147008123437
SE,money,C,Exponential,0.4149809470229887,0.14730478817585116,35.12505820835053,0.905272727272727,0.22603480734809403
MH,food,F,Exponential,0.26302026872253725,0.4239920977899941,21.882162862709784,0.9654070312499998,0.06856808303172077
JD,money,F,Exponential,0.36581985234317416,0.8121959228574025,28.589365636050545,0.9307293650793651,0.014384033855465998
JB,money,C,Exponential,0.13522796011461488,0.9977051501796946,11.877354341921526,0.9742891414141411,0.00015322449639908789
AF,music,F,Exponential,0.41514511881445915,0.42559278552535096,32.809582964949456,0.8914988425925926,0.06819859465032198
AT,food,F,Exponential,0.39451576725685544,0.0337749148402229,33.67488928077186,0.7826319444444445,0.9872154515013135
SD,money,C,Exponential,0.3734853117633506,0.9531876265576482,29.895477936443484,0.89833984375,0.0032221887580942466
DG,music,C,Exponential,0.42309343271980626,0.6658299240936434,34.10108562856404,0.897955688854489,0.02923842716426824
DN,food,F,Exponential,0.16959753891529988,0.9944694160133909,15.403415210251946,0.9429810606060607,0.0003700713370389424
SG,food,F,Exponential,,0.9982364702672284,1.7116936492162156,,0.00011770707646201416
JB,music,F,Exponential,0.1677398052077804,0.02726193343350409,14.868474033560918,0.9826635551948054,1.2232571719849092
VS,money,F,Exponential,0.3751597330806367,0.3497534597242757,30.216793094806004,0.9222759287925697,0.08863208763890501
CC,food,F,Exponential,0.9307118045017939,0.04101408071154767,67.90157719433545,0.39143928571428577,0.8128907661741884
CL,food,F,Exponential,0.4985497577864896,0.5753906454501136,39.255876262887696,0.8470344427244583,0.040997325513916466
SA,money,C,Exponential,0.43252979261334373,0.14635936512757547,33.78854614647028,0.8854146825396829,0.22750611034729412
GW,money,F,Exponential,0.5012544737049667,0.7447672268692795,39.16756594581972,0.846072265625,0.02071491703366887
RD,music,C,Exponential,0.6425919229999946,0.9270035564133705,50.077305113359515,0.6772235243055557,0.0051186817119715155
JSL,music,C,Exponential,0.37265333553445945,0.6083390233842955,31.4301458724417,0.9166253906250003,0.03641823951271222
JDA,music,C,Exponential,0.37167208221476167,0.8010097007879851,28.606313542961168,0.9160383403361343,0.015382673087608783
DG,food,C,Exponential,0.24131688153731423,0.9922895227365476,19.80433137870996,0.9461347222222222,0.0005166912073392458
BD,music,F,Exponential,0.4830203219243462,0.46718479642335703,37.57241988321112,0.8503707430340557,0.05930807176737913
CM,food,C,Exponential,0.3801982418112188,0.171967160910037,30.062557293074846,0.9103827110389612,0.19324930265689508
LS,food,F,Exponential,0.40023025971184933,0.9006971752032102,31.606104954084252,0.9027938311688312,0.007098330961394262
LS,money,F,Exponential,0.38648775849999795,0.9399399363433671,31.320684253877996,0.9118595920138888,0.004172812460254077
SG,food,C,Exponential,,0.9982059368054844,1.7071831846903254,,0.00011974747915167814
ZZ,food,F,Exponential,0.41127486163276195,0.02803912338605568,31.679858491634793,0.9113240384615384,1.1893215515825926
MH,music,F,Exponential,0.4121903738271083,0.4134200180132718,34.204376020460955,0.9050073529411765,0.07106553665587756
JDA,money,C,Exponential,0.2273902927809139,0.8645151255756054,17.273929276180308,0.9678939636752134,0.009953251445694799
MK,money,F,Exponential,0.5078385818601641,0.9560836072423127,39.469411169075876,0.8195026041666668,0.0030167448016895407
CC,money,C,Exponential,0.3707505338056517,0.5540495663863831,29.172814496053885,0.9031246093749997,0.0441761245821739
GW,music,C,Exponential,0.3244705055158239,0.866796098950271,26.103492530963493,0.9329073996655518,0.009768490595882846
AH,money,F,Exponential,0.27053683627096087,0.9706895568353957,22.052718495622944,0.9547086038961042,0.0019931700481102834
MH,money,C,Exponential,0.37415185182873545,0.6051656728854931,31.20491381651871,0.9269452399380802,0.03684322646387493
EM,money,F,Exponential,0.3214481803460919,0.9965911642143441,26.514398469256484,0.7708095703125,0.00022777364333632116
ND,money,F,Exponential,0.3135845591557834,0.9565000961712724,26.017548784514375,0.941528010033445,0.002987267406435777
SA,money,F,Exponential,0.4514578153121509,0.11460473074751122,38.899982415974506,0.8850294732441473,0.29081490218267625
GA,food,F,Exponential,0.31606930030983416,0.14312778293530015,25.308619545159587,0.9403786525974027,0.23267934004855031
SD,money,F,Exponential,0.27953987273414893,0.7839982848109883,23.014046110039263,0.9413754058441559,0.016939024525290128
RD,money,F,Exponential,0.5008577430974347,0.864378839460918,39.46117892092389,0.8495535714285714,0.00996431183919918
AD,music,C,Exponential,0.2784235553308182,0.8676480397054336,23.565734862109615,0.9538098620129872,0.009699653033228053
CV,food,F,Exponential,0.3726515458855494,0.1211908864288316,29.616908369803628,0.9176695234113715,0.27498255126920745
CM,food,F,Exponential,0.36292447748926693,0.09237744517535537,28.59263509123665,0.9156049331103677,0.36084541629995953
VB,money,F,Exponential,0.37072720253933117,0.9820769482854721,30.653845143471802,0.9112782118055557,0.0012093640564618004
ZZ,money,F,Exponential,0.3643387272956574,0.05174700151759987,29.47746813129892,0.9122816840277779,0.6442402308017559
FD,food,F,Exponential,0.4352912505467078,0.24535062860338283,34.53242609587946,0.891109375,0.1333754842750077
VS,food,F,Exponential,0.46822240759980116,0.14841959229414928,36.86585713606317,0.8634886363636364,0.22432354097327697
JLN,money,F,Exponential,0.5254961980266115,0.5620695619595337,40.98527262803334,0.820898015873016,0.04296044739270787
EM,music,C,Exponential,0.45035801873075487,0.7846917118708205,35.394945617899204,0.8776597222222222,0.016874668417619625
BJ,music,F,Exponential,0.27566909206119816,0.7756931940250096,23.78218903504702,0.960201388888889,0.017716025106134695
LD,food,F,Exponential,0.3327514617417492,0.09520109253239095,27.49951928996545,0.940150974025974,0.3501393654860598
AT,money,F,Exponential,0.48876649981723896,0.2922056565123757,37.61103799116697,0.8272077759197325,0.10984872537648423
GW,food,C,Exponential,0.6695825563845984,0.79498325359847,52.10923136725927,0.5744903846153846,0.015928728673256978
MK,music,F,Exponential,0.41579592732587395,0.8578086224376437,32.941581341023706,0.890511904761905,0.010500369368083174
JD,money,C,Exponential,0.3983665892626841,0.81620933586796,31.770207770762738,0.9175156746031748,0.014030368726524025
AF,food,F,Exponential,0.6360098241140997,0.04234524780888988,47.445514911779355,0.5809548611111109,0.7873269972939458
LG,music,F,Exponential,0.3941141635507197,0.5020534942375767,32.156502520716586,0.9152231867283949,0.052754518648178345
RV,money,C,Exponential,0.3270581193837591,0.8092538235500333,26.018104288106414,0.9344679687499998,0.014644833077911642
ND,food,F,Exponential,0.49029499449190383,0.038673547457923216,37.39049666500454,0.8298875868055556,0.8621085294844181
MH,food,C,Exponential,0.4585501114810863,0.4595728539169257,37.10554542397248,0.8734599609374999,0.060840352830901105
VB,music,F,Exponential,0.3977515326946972,0.14800300524485221,31.676629820134895,0.9099140866873068,0.2249600585226678
YVH,food,F,Exponential,0.9782336107606979,0.042833124721607906,71.2167184981839,0.34766428571428565,0.7783559105546506
YVH,music,F,Exponential,0.9875812263915467,0.04195852064706978,72.28034794109776,0.47657904411764695,0.7945864530875053
JB,food,F,Exponential,0.6963975228115943,0.025326364317164216,51.129939136467215,0.8176572115384616,1.316838900182367
CF,food,F,Exponential,0.41232376055618764,0.12382189226478253,32.457611761688234,0.8999515050167226,0.26912586192247046
LG,food,F,Exponential,0.333158854700892,0.27624282767128594,26.366355129614586,0.9301656250000002,0.11706693906084058
JDA,food,C,Exponential,0.7931153226272898,0.0908477661642469,51.37774720884733,0.583008012820513,0.36692297427420867
VB,money,C,Exponential,0.3122518038389043,0.9853234505851235,25.574025829417366,0.9463691152597403,0.000988128696544857
DCRD,music,C,Exponential,0.09172598069973145,0.985799604630583,8.724127032470122,0.9957557692307688,0.0009557627605314872
PF,food,F,Exponential,0.3702411515591783,0.9552948117571216,29.362055674014677,0.9161261904761907,0.0030726198490737674
ER,money,F,Exponential,0.44499495135629635,0.5332486491281506,38.88895654629818,0.8833645510835914,0.04745587850609378
JLN,money,C,Exponential,0.3514855535426442,0.42653429600888026,28.395066589020246,0.9271567337461297,0.06798229576447218
DN,money,F,Exponential,,0.9991406274781158,1.8090129036291573,,5.7324348210764065e-05
JLN,music,F,Exponential,0.37780738424359006,0.2962170353742615,29.73130272892927,0.906494921875,0.10814211587638825
CV,money,F,Exponential,0.11985122197480302,0.9913155092423533,10.91651337983151,0.9901103365384615,0.0005823425256104312
CV,music,F,Exponential,0.1768045952247105,0.9914626553726145,15.815771214446784,0.9840072727272725,0.0005724189304543974
AT,music,F,Exponential,0.181810665682265,0.030352312788028253,15.416235389871675,0.9798700000000004,1.0986131639236218
DG,music,F,Exponential,0.20647479698202587,0.343376002461074,18.490283276411184,0.9881488281250002,0.09068406284086572
CL,money,C,Exponential,0.42186048718449753,0.9147128558974564,33.258996283043174,0.8729393812709031,0.006034004353074282
LG,food,C,Exponential,0.35895916631089786,0.6744845898535146,29.19805670635549,0.940499419504644,0.028235040375279956
VS,food,C,Exponential,0.41224962739588755,0.2639596436393668,32.12624106073467,0.884098412698413,0.12314242566220869
DG,food,F,Exponential,0.32022672136412234,0.5231061976698099,25.368239485425335,0.936361904761905,0.04912589808745925
RR,music,C,Exponential,0.307238326954689,0.8603145542284345,25.33635807624733,0.9395401785714288,0.010295252065611393
CM,music,C,Exponential,0.3834989080562619,0.1891368810907317,30.825103673722104,0.9093382711038958,0.17532498124344664
SP,music,F,Exponential,0.4302568500572167,0.17814176366169976,33.83878484936478,0.8794801587301592,0.1864218102031534
BD,money,F,Exponential,0.3152552741560494,0.5516021631464849,24.963240247717405,0.9380758513931886,0.0445523559858744
NG,music,F,Exponential,0.41280335408605695,0.20144870316148425,32.18605884300359,0.883748412698413,0.1642714534908771
AK,money,F,Exponential,0.4075743713346581,0.6038455697983389,32.424089780613805,0.9165831404320985,0.03702098389182291
DD,money,C,Exponential,0.2929490823013109,0.9536345509557758,24.686124278154224,0.9527958603896102,0.00319042876466734
JL,money,C,Exponential,0.3029817463241724,0.9838910702467076,25.89380033416044,0.9357763636363634,0.0010856190210346763
JB,money,F,Exponential,0.18979851615971027,0.9916599443024379,16.79893967744131,0.9782447115384612,0.0005591167698960809
EM,money,C,Exponential,0.017858098169442595,0.9969369057346612,2.658929600132493,1.0,0.00020462435465853226
VB,food,C,Exponential,0.5762706711168193,0.9427367210946267,44.58447849835317,0.7315149176954732,0.003970625540438765
DD,music,F,Exponential,0.3757901187232869,0.7012665995985722,31.20452019377735,0.926920703125,0.025243343880214097
DG,money,C,Exponential,0.3666729228771891,0.5578195779721122,28.97646601134589,0.9308314628482972,0.04360141157125969
SP,money,C,Exponential,0.4895499047767283,0.197991090737513,38.64431487503624,0.8500142045454546,0.16724425415023902
SP,music,C,Exponential,0.4190606793117205,0.20031982359342915,32.56234328566825,0.8897182539682542,0.16523140210971932
JB,music,C,Exponential,0.6680089774314169,0.019111151897961743,49.28669188807027,0.8428250868055557,1.7457831825681283
GA,music,C,Exponential,0.3062613154283284,0.6565778664192126,25.61783089263299,0.9542912151702786,0.030332032136287452
SD,music,C,Exponential,0.4029416305914799,0.91883746039815,33.33148195434688,0.9100677759740262,0.005724988457436597
EM,music,F,Exponential,0.3415334511450742,0.7789218227087258,27.412774775867362,0.9308785156250001,0.017412592018576225
AK,food,C,Exponential,0.4625481754366676,0.7597554215985054,35.93268339430793,0.866092879256966,0.019240158137770323
AD,music,F,Exponential,0.3144006454327658,0.23680993532568695,28.87324169684516,0.9444373468137257,0.13855646858358578
KM,food,F,Exponential,0.4760240348598604,0.11370066381324812,36.99966903747138,0.8423810763888888,0.2931305736605452
NG,food,F,Exponential,0.6083109638507285,0.021644328570844598,44.41719341669185,0.9390763636363636,1.541150910075288
BD,music,C,Exponential,0.3814245687062997,0.07368067357049768,34.5216093200569,0.911211144179894,0.4524299839491383
AF,music,C,Exponential,0.4973220485753368,0.21025601883311287,39.406016311936526,0.86756640625,0.15711539280748502
BJ,music,C,Exponential,0.3580500993304544,0.8394764316387621,28.899035222147493,0.9163998015873018,0.012026317409625925
MK,food,C,Exponential,0.4744644885126136,0.654880331303751,36.67035602545638,0.8391973684210526,0.030535096374926785
JD,music,F,Exponential,0.39247414520415413,0.7685685652835995,31.149384498153136,0.90601640625,0.018391892689366453
CV,food,C,Exponential,0.25092012505922123,0.9888186506421304,20.957147643452885,0.9603775720164611,0.0007510321660628152
CM,money,F,Exponential,0.2918973542982127,0.3935280582170211,23.881006612687308,0.949323046875,0.076054164222869
JL,music,C,Exponential,0.2947251230109227,0.9884659271265377,24.021293942312727,0.9318179012345681,0.0007749082948347076
RR,music,F,Exponential,0.3181011353807134,0.2616365984726366,26.061189831362856,0.9444074675324676,0.12434836915660284
SE,money,F,Exponential,0.2884093754849316,0.1292256730056197,23.16729293469167,0.9431737012987014,0.25783907463467715
KM,money,C,Exponential,0.33622479849351034,0.8872437726390734,26.98643639164856,0.9225380434782607,0.008141322270834344
YVH,food,C,Exponential,0.7725828520080087,0.13406132029214704,59.62307790064059,0.5351671874999999,0.2485032226911429
BD,food,C,Exponential,0.40835368265072247,0.0802893674727667,36.224496456960466,0.9010751811594206,0.41518491414961156
AH,money,C,Exponential,0.3670365119722879,0.7700504998390448,29.6864578049509,0.9249972993827161,0.01825059206059187
CM,money,C,Exponential,0.38148309867606867,0.44846669449645526,30.44040105575953,0.9094108796296296,0.0631485858739123
RV,music,F,Exponential,0.39950891057192967,0.5476542895776664,31.602317286690653,0.9028838734567903,0.04516454941962975
AD,money,C,Exponential,0.23828502126110862,0.9578312489423044,19.646576531852887,0.9581213474025975,0.0028931693167359627
AB,food,F,Exponential,0.4904787338828338,0.8269970875993234,38.96268788549905,0.8549926948051948,0.013091531562507856
CF,music,F,Exponential,0.291738287655889,0.37504821202526484,24.650351821667407,0.946997871517028,0.08106940806647207
LD,music,F,Exponential,0.44499516606209555,0.9627492834561102,36.13294616377553,0.8908991477272727,0.0025470345068579012
VS,money,C,Exponential,0.48557106487566887,0.6843182956687861,38.41209535619268,0.8574502314814818,0.027117137614898104
AK,money,C,Exponential,0.41128683759369583,0.5973238269246569,33.3030234495475,0.9120276702786378,0.037907614815510325
AH,music,F,Exponential,0.3748471205312762,0.7565071686375532,29.531479886942456,0.9251207561728393,0.01955628546953298
VS,music,F,Exponential,0.42878413752560685,0.3790767256869979,33.49243798815205,0.8769472656249999,0.07994214595193702
JSL,food,F,Exponential,0.3538196891025932,0.09170001542816433,28.58472194528547,0.9256201298701298,0.36351191290861923
LS,music,C,Exponential,0.4594580995975046,0.9476192845351517,35.828011617778174,0.8206815843621399,0.0036195808580278166
JL,money,F,Exponential,0.5038740908876407,0.8649962019559099,39.31183085487129,0.817517795138889,0.009914228415065958
ND,music,C,Exponential,0.3014785065641691,0.6367274324609983,25.68101426511474,0.9562056640624998,0.032755273058001695
ZZ,music,C,Exponential,0.32832974819653016,0.20549856650057347,25.94712412799489,0.9362888888888891,0.16090939105361537
GA,music,F,Exponential,0.3374659521457328,0.6488637529222548,27.048709956111306,0.9334280185758513,0.03126098285019375
DD,music,C,Exponential,0.43134012608278727,0.9698821173019707,33.70998241565992,0.8789669732441473,0.002049214178888076
JDA,food,F,Exponential,0.6286248419810723,0.19818000630402144,47.73042713371389,0.7107608024691358,0.16707929971592433
AT,food,C,Exponential,0.41938597121958654,0.40817001305735884,32.849519907830974,0.8952960937499999,0.07234408704469322
DD,food,C,Exponential,0.32168628597664883,0.4593311786714855,25.718042180228682,0.9405359375000002,0.060889649889614345
JLN,food,C,Exponential,0.37172195176587175,0.3562690286278128,29.507950033155314,0.9125290247678018,0.08659915797277998
JSL,food,C,Exponential,0.42754629929618,0.3889865889744373,33.92477772705194,0.8828933593749999,0.07725064534017899
SE,food,C,Exponential,0.6181474776386462,0.8412573673749077,48.38298943341239,0.7428945473251028,0.011876076257457558
RD,money,C,Exponential,0.5186789903994864,0.9302027479646278,41.66371248437972,0.8408068561872908,0.0048831157386865776
ER,money,C,Exponential,0.286200837768061,0.9970401285862232,22.079479642949277,0.6945511363636364,0.00019771509530729661
AT,money,C,Exponential,0.41226060734886966,0.9496371740590208,32.34359481499288,0.8844924749163879,0.0034752095030080236
AB,music,F,Exponential,0.35787642198903924,0.9957920188161797,30.401637172684936,0.8359934027777779,0.0002813218332295766
SA,food,C,Exponential,0.8800042552846936,0.08460866516609668,64.84589465642021,0.11976210317460322,0.39398620012110824
KM,money,F,Exponential,0.338170891955146,0.8690831693706023,27.322069279622486,0.9270905032467536,0.009583901890668893
SA,music,C,Exponential,0.7688844214912418,0.3158770280466745,58.91387421827329,0.5990972222222222,0.10032349867842319
PF,money,F,Exponential,0.26210124431199633,0.9291731762194828,21.760869047460066,0.9544348958333331,0.004958806642717674
CC,music,C,Exponential,0.1970760445248113,0.4593413996563452,17.053129927147886,0.9859826388888886,0.06088756418668821
SA,food,F,Exponential,0.8513906345531934,0.07224010093276065,62.51279529899908,0.1631927244582044,0.46145338113906875
LD,food,C,Exponential,0.23220665787323186,0.9472698964460817,19.039536489729453,0.9682100243506494,0.0036446200896291725
AD,food,F,Exponential,0.39147051226979473,0.05124986693693195,30.37199394397132,0.897979515050167,0.650491083565038
SP,food,C,Exponential,0.6660423853403943,0.7030456262931108,51.701450500287685,0.5380495454545455,0.0250504001392965
DN,food,C,Exponential,0.23732162187437034,0.9957990467687746,19.523449289483516,0.8141035353535355,0.00028085066261696664
AF,money,F,Exponential,0.728330384890391,0.03115470547681642,53.79956773260268,0.9211527777777776,1.0702984790617547
NG,money,C,Exponential,0.18322487771121418,0.984614342097796,15.668042695661011,0.9761512019230768,0.0010363681702954283
DCRD,food,F,Exponential,,0.04202662523254298,71.86060031664178,,0.7932983288281729
SE,music,C,Exponential,0.5609064626912739,0.9761828396432126,43.224120098979654,0.5677647783251232,0.0016135336129379225
RD,food,C,Exponential,0.632949542610164,0.16436829865754318,48.38312534646221,0.7356577272727273,0.20233036235290167
JD,food,F,Exponential,0.6600597350726445,0.02572743419214175,48.432965458655055,0.9385149999999999,1.2962894961903035
DCRD,money,F,Exponential,0.23261199626572202,0.9876955528479598,19.389804754653674,0.9610670572916667,0.0008270951282662143
GW,music,F,Exponential,0.44645865513752797,0.9391760859180371,35.554959604478604,0.8822196180555554,0.004228174171009081
RR,food,C,Exponential,0.41590679785475576,0.19179466156642325,32.40096878140658,0.8871675781249998,0.17282504256492845
LG,music,C,Exponential,0.3290166888906261,0.6043649627277274,26.237891342558044,0.9399067337461301,0.036950977446892457
ZZ,food,C,Exponential,0.4079656724834908,0.06564709107654615,32.59163802025755,0.8799138636363638,0.5078048955629926
PF,music,C,Exponential,0.39502390728693654,0.9058342709225646,31.41207323235227,0.906346185064935,0.006705637871271996
ND,music,F,Exponential,0.3345881091054811,0.47719261542144464,27.831948088540447,0.9362023993808052,0.05735159628806386
CF,money,F,Exponential,0.3588505298021048,0.35857265546752504,28.60648372535044,0.9188502321981421,0.08589512240998941
AK,food,F,Exponential,0.8435119366825025,0.07235680390014528,62.154887554753714,0.2789638671875,0.4607090060473887
CV,money,C,Exponential,0.1268591797526486,0.998461233880935,10.850726319609262,0.9478814338235296,0.00010268977888973857
MK,money,C,Exponential,0.32117115178159594,0.9845795546348848,26.757775757897925,0.9186140909090911,0.0010387358986415206
ZZ,music,F,Exponential,0.44587123334116596,0.06566903415871354,34.99787039167194,0.8727581168831169,0.5076351873280376
FD,food,C,Exponential,0.47606240485953266,0.02652982610540366,35.79150490747873,0.9109953703703705,1.2570454370794282
VB,food,F,Exponential,0.3795707712527302,0.14448264671273317,29.632925554304258,0.9134813492063495,0.23048274002877905
JDA,music,F,Exponential,0.5370979789857017,0.37404566692505226,43.883403763422855,0.8308429783950617,0.08135303065061046
KM,food,C,Exponential,0.3032719551727504,0.9132899909561245,24.202006618098505,0.9462276785714284,0.006141043444814125
LS,music,F,Exponential,0.28636590050082467,0.9543984579671801,24.976791020307886,0.9505113636363638,0.0031361891842959337
NG,money,F,Exponential,0.47507431938951283,0.4462369766424738,37.396358457253086,0.8745897832817339,0.06362283045761137
CL,food,C,Exponential,0.3807541781334668,0.9187459024847517,29.851532321160533,0.9214566406250001,0.005731827606569972
CF,money,C,Exponential,0.38045557327604806,0.8595492848316367,31.026215123263064,0.913013189935065,0.010357804599224606
DCRD,food,C,Exponential,0.32288490108909373,0.979367021910889,26.21455107372394,0.943923076923077,0.001394784326900763
AH,food,F,Exponential,0.38216735780397076,0.8647912627940104,30.078844817832998,0.9099515625000001,0.009930848647495981
SG,music,F,Exponential,0.21593146055888413,0.9986943788336985,17.485362781423188,0.6748180147058822,8.711725583983823e-05
SD,music,F,Exponential,0.3763047115651253,0.19303553805040205,30.11966470398948,0.9187769886363635,0.17168026804069325
JSL,money,C,Exponential,0.3800318353668707,0.4331235122634095,30.22898420267663,0.919936145510836,0.06648946321029171
NG,food,C,Exponential,0.43227599193340926,0.9416318897934151,34.03528488027143,0.8693012152777778,0.0040504000314197895
CC,money,F,Exponential,0.3092030853559202,0.3564449580243197,25.560204788897252,0.9383910714285716,0.08654512403424897
SA,music,F,Exponential,0.9113796618334751,0.06613491208816119,67.83444691857439,0.36132597656249993,0.5040586606703498
BF,food,C,Exponential,0.35942781139268143,0.973645402074363,29.77107198214918,0.9143507525083612,0.001788537384351434
EM,food,F,Exponential,0.2520070439447697,0.04376722062881907,20.62338834612385,0.9595243055555555,0.7617380856145244
RD,music,F,Exponential,0.5737998998755269,0.7518249693724586,46.56849809203821,0.8384448160535114,0.020015332114481445
ND,money,C,Exponential,0.23812507619317347,0.957864774949331,19.606392693367635,0.9579496753246755,0.0028908016589290417
CL,music,F,Exponential,0.45232741666975784,0.7362461650425666,36.842750713261196,0.8868173374613002,0.021572079064405572
FD,money,F,Exponential,0.37352892672233495,0.34071186733292386,29.56479396442277,0.9136635802469134,0.09156027091952519
SG,music,C,Exponential,,0.9991388607304421,1.7608756997133104,,5.744226663294085e-05
CC,food,C,Exponential,0.8680782255009417,0.10735825352494202,65.38864624649892,0.2611416015625,0.3104679419112173
SD,food,C,Exponential,0.29626323765533236,0.9645879722486285,23.959427988484702,0.9508177083333336,0.0024182351685788383
RV,food,C,Exponential,0.39891420669820044,0.9565225639704236,34.44709533462298,0.8990859090909094,0.0029856777170438197
YVH,music,C,Exponential,0.8435201866564157,0.09415414947701867,65.06325293780493,0.4993215944272445,0.35403408827370797
JSL,money,F,Exponential,0.4262372803145308,0.8294894969475562,33.40420368824698,0.9013053405572754,0.012877022001750331
MH,money,F,Exponential,0.53107513509835,0.4099321601810544,41.61460529978572,0.8232321981424149,0.07191201708362814
ND,food,C,Exponential,0.3779399309453185,0.5832289133111286,29.60334036740994,0.91398225308642,0.03987344971363528
LD,money,C,Exponential,0.3293016787629611,0.8392786204120071,26.646165191070054,0.9335337890625002,0.012043031956314358
BF,music,F,Exponential,0.359444586628205,0.5863517476837105,28.91099858550636,0.9288283179012349,0.039431895597020754
MH,music,C,Exponential,0.183115713901359,0.43126424968171506,15.997585079093898,0.9797540509259259,0.06690702554534408
SD,food,F,Exponential,0.2292241880228022,0.1634839455135665,19.382897474754316,0.9717039682539683,0.20344031422138534
GW,money,C,Exponential,0.37903159507576745,0.8698060895749955,30.18487886342908,0.9029025919732444,0.009525693237000737
CL,music,C,Exponential,0.3836247591016634,0.8979663969811988,30.508920994604676,0.9174686507936509,0.007308318503362473
PF,money,C,Exponential,0.23026247969654834,0.9247934463781455,20.53492754685223,0.9655328177257523,0.005282060896852965
JSL,music,F,Exponential,0.44608957933526977,0.4245854727274415,35.12525615530433,0.870404296875,0.0684308551255546
DN,music,C,Exponential,,0.9991264261217832,1.758215720711992,,5.827220027394973e-05
KM,music,F,Exponential,0.3404301417689097,0.7792717396276363,28.14068597093047,0.9331756965944271,0.017379811468577026
JLN,food,F,Exponential,0.29345091526789047,0.17359812898188273,23.651887322033243,0.9441542207792208,0.19140042982360658
FD,money,C,Exponential,0.27966417671582755,0.4334735227326266,22.39234365710845,0.9463966796875002,0.0664111736649618
BJ,food,C,Exponential,0.901656328524159,0.06844601430567868,65.96362725583211,0.0001075487012987012,0.4870363914336032
JDA,money,F,Exponential,0.5098875215027605,0.29954766114500103,39.44840845804058,0.8269575617283949,0.10675534107560562
YVH,money,C,Exponential,0.43943496547992733,0.9869272555361792,35.13795240034861,0.8487317386831277,0.0008791954567743017
JD,music,C,Exponential,0.403739114015484,0.7839556913374576,32.22926212629212,0.9223170634920637,0.016942980156473646
BF,money,F,Exponential,0.31187057082231334,0.9848819015467544,26.796524546918914,0.9357686363636362,0.0010181610910254251
AB,money,F,Exponential,0.32589534421573335,0.9960826919943433,26.458669278296327,0.78167041015625,0.0002618381161623683
BD,food,F,Exponential,0.3927715324559267,0.19177572795336542,30.665373243883522,0.8963650793650795,0.17284261876285673
SE,food,F,Exponential,0.37551376643757295,0.02679537532228743,31.160223461986256,0.8410203201970445,1.2445761002826348
BF,money,C,Exponential,0.23742595279957313,0.9821909611891225,20.284388892994123,0.9636365384615382,0.0012015779999193029
BF,music,C,Exponential,0.38515075387325715,0.9481522044226759,30.529913334336086,0.9023265050167222,0.0035814125582258535
CC,music,F,Exponential,0.32438275819544,0.3231594593979389,25.88634717923842,0.9351470588235296,0.0976355825765496
DG,money,F,Exponential,0.5354152844885944,0.7787649331216022,42.48365816284699,0.8506484375,0.01742729625148102
ER,music,C,Exponential,0.2699561136411873,0.9925917135733958,22.514599324379155,0.9354217980295569,0.0004963401588221683
LD,music,C,Exponential,0.32971226734595305,0.9548839635963506,27.719547373366805,0.9293342013888888,0.00310174721208519
CV,music,C,Exponential,0.5111565612889193,0.9586992267394724,39.99402828306178,0.8356038879598662,0.002831907233132139
BJ,money,F,Exponential,0.349617797087178,0.8578299062698651,27.930566248893264,0.9216457031249999,0.010498623775454298
MK,music,C,Exponential,0.3780861926843521,0.9348161612690105,30.4426879356564,0.9253913043478262,0.004545335125104275
LS,food,C,Exponential,0.3160422973996963,0.8820951419494966,25.132046925237834,0.9381022727272728,0.008546185297997812
RR,money,C,Exponential,0.5506621234337896,0.6742981169215034,43.115953856562605,0.8311126543209876,0.028256464153857238
AD,food,C,Exponential,0.3924676599889178,0.6718949901640306,30.697761279148356,0.9161458978328172,0.028533321054030347
AH,music,C,Exponential,0.34845153014965946,0.6476599660605601,28.3220008716129,0.9318496093749997,0.031407385634495806
AF,food,C,Exponential,0.3562635362761726,0.08760275854957764,28.023237957825515,0.9180505852842814,0.38051792175667115
AK,music,F,Exponential,0.44885655736060126,0.7149808599335421,35.669652302147234,0.8747101562499999,0.023773672274965272
JL,food,F,Exponential,0.5039234089274736,0.08256480325879904,41.45129628264839,0.7933799913194445,0.40374088636285466
GA,money,C,Exponential,0.4444386800203674,0.9002464047652744,34.940381054399914,0.8664251672240804,0.007132934061041719
FD,music,F,Exponential,0.4190136623914634,0.16207569507127806,34.09122208879855,0.8806150568181818,0.20523208419544944
ER,food,F,Exponential,0.5562529028925742,0.596166263975945,43.30851621819417,0.8364761904761906,0.03806647420225826
ZZ,money,C,Exponential,0.3335680101588928,0.23746999120730417,26.99120473400496,0.9346720238095241,0.13814397139891582
JD,food,C,Exponential,0.41971244825152687,0.436378429160373,33.117840525384835,0.8993503086419753,0.06576525056895363
AB,music,C,Exponential,0.45962979312606933,0.9858788163650438,36.763503068881924,0.8523104545454547,0.000950380475657994
JLN,music,C,Exponential,0.35727221666498093,0.4010242987087551,28.61934068872245,0.922351273148148,0.07412740238318029
GW,food,F,Exponential,0.45028304407390773,0.3029373236056072,35.13462494739993,0.8677166666666669,0.1053711424783393
BD,money,C,Exponential,0.34619700594634467,0.8982032619201691,31.477734104172395,0.9293752990430622,0.007290070068167441
DD,money,F,Exponential,0.35561041957391515,0.8476505870727036,28.766232498916644,0.9284111201298701,0.011340318202863145
AB,money,C,Exponential,0.28377275070630226,0.9977966430485494,24.26142386266446,0.936693359375,0.00014710662891888253
AF,money,C,Exponential,0.4334277469864861,0.42523456097466095,34.7415005793465,0.8876076171874999,0.06828109172883084
CF,music,C,Exponential,0.21578529731343898,0.41595689093581956,18.023681861097398,0.9706793981481481,0.07045700765341337
CF,food,C,Exponential,0.4106997727807351,0.2619856512201414,33.20632984686824,0.8992187500000001,0.12416594926608858
MK,food,F,Exponential,0.48345609532820505,0.2511715122772397,38.87638607876594,0.8623863095238099,0.13002802774147437
NG,music,C,Exponential,0.389683494563714,0.6287731213752434,31.580464659404722,0.9137513671874999,0.033757264673897815
ER,food,C,Exponential,,0.9982495690422742,1.6776775513857338,,0.0001168317745710341
JL,music,F,Exponential,0.3578487425840937,0.9514222955974029,29.00336310677723,0.9160512152777777,0.003347835255229669
JB,food,C,Exponential,0.3631805955772899,0.9894121322016298,29.245282785584347,0.9142466346153847,0.0007108846031877422
AH,food,C,Exponential,0.3014571674821737,0.6343095857133652,24.40698771390381,0.9521296296296293,0.033057912519306495
DCRD,music,F,Exponential,0.2932418219275137,0.9875979150098688,24.04213806229906,0.952521739130435,0.0008337132113264086
ER,music,F,Exponential,0.3016740545313623,0.4930010289335991,24.526868313942852,0.9395416666666667,0.05438710385306906
AD,money,F,Exponential,0.44160025543287196,0.5790241194479677,34.98954219678126,0.884333526234568,0.040473544123814285
SP,money,F,Exponential,0.3891603819096008,0.10446073040984287,30.620280355690603,0.8844125434027779,0.31908675193826425
GA,money,F,Exponential,0.2770185766978044,0.9187661088609851,22.81798510975172,0.947850543478261,0.005730318161079661
YVH,money,F,Exponential,,0.041905913463823455,84.57959490366746,,0.7955843286163803
RV,music,C,Exponential,0.35948574260041743,0.22587361227982047,28.977754975669164,0.9251351562500002,0.14571159262692035
CL,money,F,Exponential,0.41145384588870476,0.7171947131510579,34.07952590955477,0.8962750000000003,0.023540175626912952
SG,money,C,Exponential,0.6100280031800258,0.30953485555585303,48.540724292989566,0.805000386996904,0.10275219196087113
BJ,food,F,Exponential,0.8916253820669464,0.07279832265082596,65.35491005205112,0.015737824675324676,0.45791443153241546
SG,money,F,Exponential,0.31578507453742766,0.0845048249477647,25.311964133217383,0.9333676948051945,0.3944704208025145
RD,food,F,Exponential,0.5784990429931258,0.048623465108060294,43.44648236169827,0.7584218181818181,0.6856371286971958
AT,music,C,Exponential,0.3354167698003898,0.7421044995560678,27.68223067105051,0.9296246031746033,0.02098128072273461
AB,food,C,Exponential,0.3964292693759037,0.981976201183051,32.393461559124525,0.8816247727272727,0.0012162451841563379
LG,money,C,Exponential,0.2772955848790018,0.5957974995113724,22.369132340864045,0.9472788312693501,0.03811717738978109
