id,commodity,condition,model,log_loss,AUC,WAIC,roc_auc,logk,s
JL,food,C,Hyperboloid,0.11422876539472077,0.9558212074665413,10.585629130496406,0.9918604910714286,-4.3361382207843295,0.2603864452302363
BJ,money,C,Hyperboloid,0.17176958173466556,0.7884799742608963,17.306034452002,0.9822692775974026,-1.0347273923777789,0.14328300942778202
PF,food,C,Hyperboloid,0.32139256501833147,0.909372164689676,26.572725436542285,0.9393867063492064,-5.255207888114273,1.2948626935989727
LS,money,C,Hyperboloid,0.3805952440167993,0.9183157719859573,30.358123448812982,0.8933860576923077,-5.095224739098471,0.9961217615014114
DN,money,C,Hyperboloid,,0.9966110305775682,1.6874776712403705,,-6.567076282958497,0.16331369878472338
BF,food,F,Hyperboloid,0.3553091059345528,0.4532163539066264,27.812037637089986,0.9218650793650796,-2.992465650825403,1.6833033976881981
KM,music,C,Hyperboloid,0.32853166721854876,0.6785639514230366,26.355679826694004,0.9353859577922076,-3.304665706564512,0.9828269456559453
SP,food,F,Hyperboloid,0.5092530675653881,0.15314514443869978,40.50743080941899,0.8596429765886288,-1.0568542056412327,1.3751720092216266
RV,money,F,Hyperboloid,0.3167646854359545,0.7453272320255443,26.84571009885799,0.9486418343653251,-3.8640943775512238,1.164524732174781
CM,music,F,Hyperboloid,0.39955817471280414,0.17527758056802678,31.36024869966389,0.904178125,-1.3957056623145518,1.5077630653529244
FD,music,C,Hyperboloid,0.2782560133271279,0.4709363780345206,22.594553034782667,0.9484373065015481,-3.2980304951307975,2.0213516884795895
RR,money,F,Hyperboloid,0.46011660806437116,0.7317473551087981,36.84583647734831,0.8609750000000002,-3.2580446789371913,0.754322785498045
RV,food,F,Hyperboloid,0.42163300417692307,0.011494377346823742,33.58612653639247,0.8514081790123454,1.8304358004653114,1.4153061802519369
SE,music,F,Hyperboloid,0.3475509376732253,0.15235799912145964,28.21402470794912,0.9167309090909092,-1.101410346824578,1.4141033309576128
EM,food,C,Hyperboloid,0.3021072179358009,0.9448335331224487,24.715528537916516,0.9417612847222224,-5.375672842336213,0.8623627589049904
RR,food,F,Hyperboloid,0.43683092813100377,0.050052625948088826,33.86707652933545,0.8369737654320989,-0.13309766531499395,1.6808255312330207
LG,money,F,Hyperboloid,0.4499855902830637,0.3683253870400437,35.05326960498066,0.8659415634674922,-2.391574803562521,1.4242530735841312
DD,food,F,Hyperboloid,0.36898693110837744,0.25316563062864444,29.92594628082588,0.930010515873016,-1.7358171373050288,1.3656029954114743
DN,music,F,Hyperboloid,,0.9969217578562135,1.662898796776099,,-6.651444831651863,0.16118616420441967
GA,food,C,Hyperboloid,0.39487362035535345,0.46052672020379015,35.54818935441354,0.91613515625,-2.7158729457984427,1.3385002200002223
LD,money,F,Hyperboloid,0.33662573666141654,0.9337675099244821,27.501413135486036,0.9264422743055555,-5.37172547503701,1.0394830058950084
AK,music,C,Hyperboloid,0.3581815573485312,0.7196324603848413,29.142950336331385,0.9244991883116884,-2.840186016620786,0.5810364379890444
PF,music,F,Hyperboloid,0.3283799879758431,0.9355261440788463,26.036313205136427,0.9151209090909093,-5.347238747326914,0.9872100400509368
VS,music,C,Hyperboloid,0.4993503826504131,0.38549906423959035,39.70724567944759,0.8602132352941175,-0.669872287354556,0.5165080803207096
VB,music,C,Hyperboloid,0.4215431453824181,0.8620779040424517,33.32732193959371,0.8876547067901236,-4.689258005012618,1.1990995647677412
DCRD,money,C,Hyperboloid,0.03319752137123292,0.956699518806616,4.349177981888438,0.9994888636363636,-4.15006464512839,0.21620569444676527
SE,money,C,Hyperboloid,0.41404079756527834,0.2031880107227208,33.10927051561849,0.9073388798701298,-1.248837547167296,1.23848470041795
MH,food,F,Hyperboloid,0.3413832651683173,0.43516747817145157,27.687760289172722,0.9367541015624999,-3.0911364029995667,1.9242882274640474
JD,money,F,Hyperboloid,0.23477017486231155,0.6998888894209396,20.746547878522385,0.9625988095238096,-2.64861473579755,0.5519098236230404
JB,money,C,Hyperboloid,0.13208663748633903,0.9913585604250662,11.437819133684798,0.9746944444444441,-5.94706698508763,0.22742348524830094
AF,music,F,Hyperboloid,0.4179222285151827,0.41085829646068195,33.135696332871646,0.8924085648148149,-2.1228102849997845,1.0428866665555412
AT,food,F,Hyperboloid,0.38308578897406964,0.039729285191093575,31.534933253055375,0.7898475694444443,0.411295920081565,1.461630694650355
SD,money,C,Hyperboloid,0.4046307949958803,0.9169509255060242,31.78492829445988,0.8806232638888887,-5.02906909666357,0.9523547342386034
DG,music,C,Hyperboloid,0.38834023551171165,0.5675171299623344,31.03082748047852,0.9106474458204337,-2.415739451055261,0.7684963137401409
DN,food,F,Hyperboloid,0.17970623210822206,0.9885938788438731,15.801405060765594,0.9394438131313133,-6.22124268737516,0.393247153283255
SG,food,F,Hyperboloid,,0.9946076558603674,1.6433034075247053,,-6.331711837398431,0.2063786680864032
JB,music,F,Hyperboloid,0.2748336942303443,0.037901328297053935,22.37533345307286,0.9519228896103894,-0.42340867574938906,2.3188514458662026
VS,money,F,Hyperboloid,0.3451456164959956,0.3782591691181575,27.655993632403078,0.9345808823529413,-1.859647723237292,0.9792404925291286
CC,food,F,Hyperboloid,0.1438348479426994,0.0010790574174019154,11.604711912538473,0.37740714285714283,4.46771633447988,2.0795211512184997
CL,food,F,Hyperboloid,0.4716525030594262,0.5290906842464109,37.418708323820574,0.8711360294117647,-2.273813962243781,0.7938233184435797
SA,money,C,Hyperboloid,0.45819311642602745,0.1946426300784453,35.40830809348052,0.8635531746031748,-1.5080291763619214,1.4853085474843137
GW,money,F,Hyperboloid,0.4888213083293142,0.6329459061671575,38.0208339623715,0.8444296875,-2.628590995269971,0.7071010063561464
RD,music,C,Hyperboloid,0.6201371695592526,0.8260320303279801,48.029520182042695,0.7037604166666668,-3.491564484740783,0.546222587768109
JSL,music,C,Hyperboloid,0.3852750067908606,0.5630358827773698,31.196772820563012,0.9117056640625001,-3.0911347177936928,1.2695783883824545
JDA,music,C,Hyperboloid,0.3564818636856376,0.6825433678189095,26.92642955648691,0.9235863970588232,-3.0402288627665897,0.7880913235217266
DG,food,C,Hyperboloid,0.22251942495648178,0.964197993355095,18.32739972807925,0.9545298611111113,-4.609089500159112,0.2687547967281237
BD,music,F,Hyperboloid,0.4815277662427636,0.4449335127223126,37.48341326718544,0.8493494582043346,-2.2172094566096625,0.9973785683967542
CM,food,C,Hyperboloid,0.40103605544483306,0.21993893869239228,31.313943650266662,0.9004833603896103,-1.6353184496731816,1.451225597646019
LS,food,F,Hyperboloid,0.42622418721635663,0.8382502252267894,33.892943302122426,0.8888603896103896,-4.335327490236917,1.037229702583151
LS,money,F,Hyperboloid,0.4386467525041562,0.9213031815922172,34.47871304692605,0.8716128472222222,-5.547672709251747,1.4757126611925744
SG,food,C,Hyperboloid,,0.9945154768786293,1.6854009987073078,,-6.32710233040766,0.20897067846881037
ZZ,food,F,Hyperboloid,0.3479891298887182,0.03472131294016575,28.67713520006876,0.9131536057692307,0.9248007636463909,1.2551423902853311
MH,music,F,Hyperboloid,0.416015824614942,0.4185527055247584,35.66519369393881,0.9009334365325078,-2.3658215212223332,1.1949210515000859
JDA,money,C,Hyperboloid,0.26895587097688267,0.8281178947344752,19.031183775643818,0.9586207264957263,-4.633818143730054,1.457596596536715
MK,money,F,Hyperboloid,0.4980325344368407,0.8651745260738408,38.63908055278772,0.8187977430555555,-3.756139063204953,0.5115105244315141
CC,money,C,Hyperboloid,0.40756468060667084,0.5257289421463749,31.731466386378543,0.8993863281250001,-3.171867093022416,1.5306453718475217
GW,music,C,Hyperboloid,0.3270145248549327,0.796906748492519,26.78080835069773,0.9307853260869563,-4.019551144624907,1.017538619033136
AH,money,F,Hyperboloid,0.2757608714076228,0.9455018035295992,22.628822325961533,0.9544025974025974,-5.406198376714729,0.8768031736506582
MH,money,C,Hyperboloid,0.37298973245274925,0.5641735242746173,30.318333719488415,0.9154113777089784,-2.8802520298982417,1.078573754375857
EM,money,F,Hyperboloid,0.3189343731313832,0.9900978398272262,25.818439825503916,0.776080078125,-5.936430367418945,0.2581315148925423
ND,money,F,Hyperboloid,0.3639808741469505,0.9337534387849667,29.23441234168872,0.9186688963210702,-5.568353978612742,1.2560908279435703
SA,money,F,Hyperboloid,0.4484425438130654,0.16951787839990726,37.3286726192758,0.8812564799331105,-0.9661730658889289,1.2194177529101666
GA,food,F,Hyperboloid,0.3469114224356474,0.18809982405075584,27.411884218415402,0.9269310064935067,-1.5238997063031152,1.5402454251932192
SD,money,F,Hyperboloid,0.3498827457729504,0.744254713077569,28.62003986875515,0.9244403409090909,-4.28782613802026,1.6973693641347507
RD,money,F,Hyperboloid,0.5037395896833047,0.7762374249779807,39.48792340212868,0.8372637987012987,-3.6609347085773325,0.8398477823695234
AD,music,C,Hyperboloid,0.31372446598603754,0.8232283423721372,25.77522037169362,0.9459833603896105,-4.502286749045852,1.334016159922453
CV,food,F,Hyperboloid,0.26681434486906264,0.18629559369302673,22.801916123516047,0.9462773829431438,-0.14211931373106007,0.7793474196157528
CM,food,F,Hyperboloid,0.39275736935734823,0.1337197341664281,30.637476325481515,0.8972307692307693,-1.151249386359902,1.5923585950356247
VB,money,F,Hyperboloid,0.36674489445555336,0.9355866233586347,30.561226916920685,0.9159572482638888,-4.527098003147734,0.457502197786123
ZZ,money,F,Hyperboloid,0.371065175570205,0.08480456162784046,30.161547589782675,0.9115553385416665,-0.19184992167757509,1.2915557871638976
FD,food,F,Hyperboloid,0.42736331993456883,0.28536164376042356,33.90990268508877,0.8989027343749998,-1.4930687095417434,1.0612215318414269
VS,food,F,Hyperboloid,0.40023960793941254,0.24698972214059875,31.21287706295572,0.8940223214285713,-0.19059545324703983,0.6441163194711632
JLN,money,F,Hyperboloid,0.5668578663362671,0.5516267330785454,43.62499678946706,0.7867392857142859,-3.242774659590933,1.4850969426253828
EM,music,C,Hyperboloid,0.38743115910852705,0.6263558322190708,31.452939561545126,0.9030403163580247,-2.267232964651959,0.5682604413198384
BJ,music,F,Hyperboloid,0.3061375722053345,0.7397824019530643,24.738609455100356,0.9429452380952382,-4.15789476229235,1.5442947776239753
LD,food,F,Hyperboloid,0.3622720841666857,0.13760739464036684,29.537832350906385,0.9265957792207792,-1.1878769946184558,1.5939130482026753
AT,money,F,Hyperboloid,0.5137976492202876,0.32701797631231483,39.48598440524638,0.8103612040133781,-2.192850359720936,1.4224972002475207
GW,food,C,Hyperboloid,0.6471050115091828,0.8541098717718947,49.44475618674019,0.5602927884615385,-3.896153681886452,0.6284906666803983
MK,music,F,Hyperboloid,0.39559707784098963,0.7344911115985968,32.00035146275908,0.908952777777778,-3.1513118088980616,0.6856361316158052
JD,money,C,Hyperboloid,0.34646668989940604,0.693567203247111,28.647738220561358,0.9321103174603176,-2.9003690402017055,0.6786885956889805
AF,food,F,Hyperboloid,0.4681154615533527,0.007656830535356214,36.53673202848396,0.6621631944444446,2.184935086042368,1.459762264577791
LG,music,F,Hyperboloid,0.3897116298791815,0.48206862867023126,31.457525461043414,0.901550925925926,-2.5438072511709504,1.1064514099270295
RV,money,C,Hyperboloid,0.32259071187506694,0.7138640965844347,26.25137054385154,0.9360734374999998,-3.4115762814086787,0.9231077613905634
ND,food,F,Hyperboloid,0.434619981988421,0.0613467211320546,33.66155236915085,0.8723927951388888,1.129408613847737,0.9040708920662328
MH,food,C,Hyperboloid,0.43672034981465613,0.44871766346767117,34.82318020317694,0.8807546875000001,-2.2786440154854692,1.0262169962829486
VB,music,F,Hyperboloid,0.4347233792940922,0.1940941171115669,34.20817028314336,0.8824748452012383,-1.583613398669765,1.5574619918230086
YVH,food,F,Hyperboloid,0.14310710112452435,0.0010737336758692814,11.493126042358075,0.3480375,4.435746918162044,2.135252929530682
YVH,music,F,Hyperboloid,0.27947929402287464,0.0010556011252416955,21.946066746617223,0.514153492647059,4.589175617358801,2.135758335956026
JB,food,F,Hyperboloid,0.35049251565029105,0.008550576161329981,27.862291956645663,0.9202903846153847,1.4630606578068537,1.8998842460969398
CF,food,F,Hyperboloid,0.42741507497856146,0.1791385539203303,33.27819133301976,0.8847416387959867,-1.3314891891888683,1.42918897458239
LG,food,F,Hyperboloid,0.3604429938498578,0.31912602310904725,28.329669063353464,0.9206910156250003,-2.194519955814988,1.4613580534154411
JDA,food,C,Hyperboloid,0.7610312668959514,0.4410337323633054,50.40731571795056,0.5191260683760683,-2.132017105255837,0.9555587219538312
VB,money,C,Hyperboloid,0.16183629964695467,0.8301057930282714,15.627051714371818,0.9851174918831169,-0.8347960554103586,0.10224437006833167
DCRD,music,C,Hyperboloid,0.09501557846309922,0.971867187195926,9.493146729925002,0.9941038461538461,-5.725132414080617,0.6045655663434034
PF,food,F,Hyperboloid,0.39366642659994305,0.9264192045899694,31.250933384885567,0.9058793650793654,-5.263826829982956,1.0470898520718523
ER,money,F,Hyperboloid,0.40378118902215293,0.4641303186290482,32.45333179179879,0.8899073142414861,-2.0119106287905795,0.8250302044666615
JLN,money,C,Hyperboloid,0.3937679909485627,0.4382934399909057,31.179065037421395,0.9035688854489162,-2.855121439395242,1.5910091498856687
DN,money,F,Hyperboloid,,0.9966680586332568,1.698114278985963,,-6.517150934646296,0.15284709230464769
JLN,music,F,Hyperboloid,0.38460124699441756,0.3281447912157851,30.274400371089722,0.9118527343750001,-2.0420765119203157,1.2846861248142611
CV,money,F,Hyperboloid,0.1341862156214793,0.9834380112461234,12.410147604580349,0.9894281249999999,-6.2354260017428,0.5810183649728943
CV,music,F,Hyperboloid,0.06560850525678721,0.9420515959096045,7.548039382335387,0.9967495454545453,-2.900377809612354,0.10637266942840372
AT,music,F,Hyperboloid,0.24648519918900347,0.03820429319350878,19.992486712449672,0.9623811363636362,-0.10558274989973894,1.925718151403676
DG,music,F,Hyperboloid,0.26723417837635394,0.3753378651821378,21.939200664368336,0.9429617187500001,-2.781878269889099,1.8413615158395373
CL,money,C,Hyperboloid,0.2532999922879625,0.7011134508617165,21.67441624002864,0.961190635451505,-1.1437776951408676,0.22742309191162643
LG,food,C,Hyperboloid,0.39485884699850343,0.6413504550888702,32.095022581551625,0.9063968653250775,-3.487470179215099,1.3160946494073062
VS,food,C,Hyperboloid,0.4181746963812183,0.3128194291660309,32.66744199447063,0.8821932539682542,-1.8385626433929418,1.1886341756814003
DG,food,F,Hyperboloid,0.379559165358886,0.5040631341787811,29.676119881065073,0.9218511904761906,-3.161442775333032,1.629530647874003
RR,music,C,Hyperboloid,0.33258551619433663,0.7982697845557567,26.648165491097963,0.9326737012987012,-4.150688438673415,1.132637985463962
CM,music,C,Hyperboloid,0.38213295506620926,0.24086661367444662,30.73338884334004,0.9041570616883113,-1.4575158832750759,1.2108146910114388
SP,music,F,Hyperboloid,0.4237017426552002,0.2289374154346255,33.411681462809305,0.8833269841269844,-1.1521789066724744,1.0685374944831123
BD,money,F,Hyperboloid,0.36322748151824136,0.5313423311289125,28.633908299238087,0.9262581269349845,-3.2657154057530917,1.6181031464023508
NG,music,F,Hyperboloid,0.4051235471423125,0.24203135535256018,31.523590536827072,0.8903428571428574,-1.224037761029576,1.0599591478647232
AK,money,F,Hyperboloid,0.33879913683511587,0.49378645499923335,28.435983506433164,0.9383398919753086,-1.6349810019147808,0.6029933641216169
DD,money,C,Hyperboloid,0.32786510108171407,0.9289889776680245,26.99302718600635,0.9353352272727273,-5.468064506386992,1.2265824077189809
JL,money,C,Hyperboloid,0.29994283662131094,0.9454998788630513,27.053665347560564,0.9335709090909089,-4.622774243793523,0.41961155518090676
JB,money,F,Hyperboloid,0.16969223022118823,0.9691051842412506,15.521248629783704,0.9824584134615383,-4.805117530247698,0.2770245009051612
EM,money,C,Hyperboloid,0.024192910080412324,0.9929870321640542,3.3456111676509255,1.0,-6.629346706159964,0.3602410316313105
VB,food,C,Hyperboloid,0.5850638462040845,0.919347672615252,44.867234118592876,0.6944722222222223,-4.8103689423035325,0.7522325858227201
DD,music,F,Hyperboloid,0.39277051385416084,0.6586953386533736,32.70329415810698,0.9135134765625,-3.472212065234354,1.2163684327853457
DG,money,C,Hyperboloid,0.3931588385048406,0.5069384972084732,35.74843671706695,0.9258210139318885,-2.9512996758757613,1.3735075864688397
SP,money,C,Hyperboloid,0.4800908732137138,0.2614955014277316,37.80668744754526,0.8534196428571429,-1.2875666031822441,1.0258689154776939
SP,music,C,Hyperboloid,0.43364569655968666,0.24627011904409074,33.53466553333384,0.8740293650793654,-1.662786614711993,1.3391071357513915
JB,music,C,Hyperboloid,0.3745537597182944,0.010660968476926852,29.419751418596977,0.9115403645833335,1.153853089068225,1.9807683864686843
GA,music,C,Hyperboloid,0.25462373021057755,0.5975409553396502,22.095754042581405,0.9667025928792568,-3.0005436557439498,1.052112191084496
SD,music,C,Hyperboloid,0.3885832687432923,0.8350551154576411,31.71520817908517,0.9081534090909091,-3.9453930147175744,0.7520799474882265
EM,music,F,Hyperboloid,0.33514160066097254,0.6980203464376625,27.172995820519343,0.9308292968750002,-3.3981107598983495,0.9773824507557328
AK,food,C,Hyperboloid,0.5061643533848035,0.7228211950480934,38.98151137582977,0.8303355263157894,-3.9332269290864907,1.3717282329769196
AD,music,F,Hyperboloid,0.33983350313917265,0.2717584815516336,31.405662162887296,0.9412313112745099,-1.840775373372628,1.3650666333658459
KM,food,F,Hyperboloid,0.5010294003144078,0.15925542565880815,38.52130460142323,0.81216015625,-1.2903936266040377,1.5232470750875446
NG,food,F,Hyperboloid,0.2488115438783982,0.01253279500881267,20.38939024881869,0.9575145454545453,1.2549064065338784,1.7375734296855876
BD,music,C,Hyperboloid,0.35654226820968327,0.1290372721259182,32.88909191812874,0.9210411706349207,-0.15701561626356056,0.9952084009356588
AF,music,C,Hyperboloid,0.4889585521744859,0.2727461556734095,39.13804570173757,0.862570703125,-1.4534470307902976,1.0822334485506926
BJ,music,C,Hyperboloid,0.3698986676206111,0.7299796796354656,29.79900284196574,0.9133460317460319,-3.4840245482971586,0.9108240192278361
MK,food,C,Hyperboloid,0.482415161960339,0.593817739058202,37.30816737243519,0.8265704334365326,-3.015519368707302,1.078061992791197
JD,music,F,Hyperboloid,0.33468322232057185,0.6169788524102349,26.979813587618164,0.9316320312499999,-2.1600334838717195,0.5489266662875436
CV,food,C,Hyperboloid,0.18851504259549118,0.9301353202078491,16.327241847809688,0.9790452674897121,-3.4326813265787024,0.19412299363360971
CM,money,F,Hyperboloid,0.3315776248519561,0.4110464125114086,26.45023304142206,0.9369414062499998,-2.72285896889339,1.5729794824580388
JL,music,C,Hyperboloid,0.31076673702111246,0.976258969440614,25.011884502479155,0.9236388888888889,-5.899113793589711,0.602373980190004
RR,music,F,Hyperboloid,0.36749265899239864,0.3043971807623146,29.572815028289437,0.9217615665584413,-2.288881293068068,1.635477845559982
SE,money,F,Hyperboloid,0.3421759553402144,0.17533665962183695,26.899677047997116,0.9297942370129871,-1.6395821796947545,1.7456099108086944
KM,money,C,Hyperboloid,0.33046155873666905,0.7953412445316387,26.890315771504948,0.9299611204013377,-3.7055040657648095,0.7850645026814491
YVH,food,C,Hyperboloid,0.7353504566384621,0.6798327840310383,55.67839079763101,0.5600140625000001,-3.1308017002977087,0.8537294769147092
BD,food,C,Hyperboloid,0.410701198600111,0.1261108835538329,36.48635463511515,0.9019257246376813,-0.78828360353446,1.3603960621520845
AH,money,C,Hyperboloid,0.42947208924582847,0.733856479934708,33.62909585041334,0.8839251543209877,-4.235260796142479,1.7006839699423704
CM,money,C,Hyperboloid,0.3877252430928054,0.4505331984162467,30.57778764613541,0.9005042438271607,-2.5965050406018872,1.2681833409768615
RV,music,F,Hyperboloid,0.4226630817914765,0.5222054147075736,33.05723474078363,0.897741512345679,-2.9825146629157167,1.3382228348657381
AD,money,C,Hyperboloid,0.33951191764775446,0.9456127416020472,26.79227646018891,0.9282865259740258,-6.11314951545552,1.7371000616727468
AB,food,F,Hyperboloid,0.4861479957412954,0.75703812383263,38.07193422992413,0.8518993506493507,-3.51978997131775,0.8246669357866433
CF,music,F,Hyperboloid,0.35548130706177417,0.3993728199400289,29.236712906416564,0.9153637770897832,-2.9081606077772477,1.8741948235291899
LD,music,F,Hyperboloid,0.4704602849237775,0.9236498517209977,37.86264518207653,0.8829638798701297,-4.948222868812716,0.8075548701215112
VS,money,C,Hyperboloid,0.48759726111748714,0.5884447880869706,38.720107187002405,0.8611253858024692,-2.7550890207574157,0.9061406722460978
AK,money,C,Hyperboloid,0.3184155862317598,0.4969025192947859,26.389194579697563,0.9426354489164087,-1.5091525762132123,0.5572713291279853
AH,music,F,Hyperboloid,0.36795610933366485,0.7092411119965479,29.17365031739528,0.9083618827160492,-3.801928240222466,1.3013881812863008
VS,music,F,Hyperboloid,0.42945114460291867,0.37889792548232337,33.51037227113797,0.8669300781250001,-2.0090094092862563,1.0714557448443516
JSL,food,F,Hyperboloid,0.3609811056834996,0.13081231347342195,29.074349653302598,0.9270848214285713,-0.9226494386378993,1.4251340576223397
LS,music,C,Hyperboloid,0.48483207004721096,0.9207984733878869,37.57986950521377,0.7916805555555556,-5.169143640199885,1.0341020839768307
JL,money,F,Hyperboloid,0.5001720362945998,0.7775003377823035,38.80299811025259,0.8129639756944445,-3.5502543733507914,0.7613541850350358
ND,music,C,Hyperboloid,0.3561458444510681,0.6029614930737194,28.599829294220502,0.9291015625000002,-3.5436638221486056,1.586316339445506
ZZ,music,C,Hyperboloid,0.29999433991928126,0.2556045870351502,25.786277883809582,0.9526841269841271,-0.984584666454077,0.8941413521924273
GA,music,F,Hyperboloid,0.2361353884020788,0.5811380803681826,20.517065734859077,0.971189047987616,-2.5494286055854736,0.8037626825916714
DD,music,C,Hyperboloid,0.32147788550202705,0.8995410890153962,27.626684970620165,0.9440075250836119,-3.6667066436216076,0.34503151399509463
JDA,food,F,Hyperboloid,0.6509192439653279,0.3521589568076302,49.4542826947111,0.7037037037037038,-2.1497640059628247,1.2752506316700174
AT,food,C,Hyperboloid,0.4335173639211909,0.40745341472158086,33.796984011551125,0.8858570312499998,-2.4553845559276732,1.3153152074315648
DD,food,C,Hyperboloid,0.3390449545710378,0.45400787516691654,26.973818465407287,0.9335089843750001,-2.8130237405468845,1.4670949000539468
JLN,food,C,Hyperboloid,0.4148519304972984,0.38632124731319817,32.397909554073024,0.8900913312693499,-2.6409057669089533,1.6031666330544845
JSL,food,C,Hyperboloid,0.4421546750008356,0.45487840237240185,34.4820133375077,0.875469140625,-2.5558278537341397,1.2156342434316205
SE,food,C,Hyperboloid,0.6020913712934061,0.8764612196157131,46.48618832517313,0.7025576131687243,-4.23116022729872,0.7012761509277448
RD,money,C,Hyperboloid,0.5055019980810131,0.8434729280209374,39.92443642057764,0.8390418060200668,-3.7343108797981177,0.5925577685193958
ER,money,C,Hyperboloid,0.28588706233540423,0.9910935982831369,22.19275787417441,0.6980233585858586,-6.010019910634081,0.24929301898886308
AT,money,C,Hyperboloid,0.446770437090469,0.9211705634769026,34.74254202240834,0.8606145484949832,-5.206285505099956,1.0659386557697592
AB,music,F,Hyperboloid,0.35707924929107404,0.9863159361617728,31.271879810132994,0.8359253472222224,-5.766670753771438,0.3031828912967737
SA,food,C,Hyperboloid,0.8918690294632861,0.39929671540359596,66.44680782024074,0.13687896825396828,-2.132698703456761,1.087832488805287
KM,money,F,Hyperboloid,0.3843593574251705,0.8346362985382594,30.76100336986819,0.913539163961039,-4.715900633112124,1.505007927834425
SA,music,C,Hyperboloid,0.7867679783621249,0.48653770344118774,60.00674400937603,0.5842439236111111,-2.4676485613189465,1.0350050726754314
PF,money,F,Hyperboloid,0.32493048342830105,0.9075158730107805,26.38220769831634,0.9284991319444446,-5.401957050391646,1.5225313915903358
CC,music,C,Hyperboloid,0.24741299640307945,0.4638474080453296,20.926199482730116,0.9628204089506173,-3.2404254935204917,1.974766884258986
SA,food,F,Hyperboloid,0.8635984277888391,0.28141650792374323,64.28209629974934,0.17244156346749223,-1.6055406797974816,1.1468546238442299
LD,food,C,Hyperboloid,0.3017803140867451,0.9293377231194146,24.90765495978985,0.9472650162337664,-5.743414348942934,1.5921114320328533
AD,food,F,Hyperboloid,0.44771222022264134,0.07541132751635715,34.46005358210831,0.8585765050167222,-0.7137711367400711,1.8038824256705517
SP,food,C,Hyperboloid,0.6529628477434835,0.8389894509096728,49.65747933785817,0.5592190909090909,-3.813921430661786,0.6540941953776744
DN,food,C,Hyperboloid,0.23551504765050213,0.9881070773831484,18.66399534361704,0.8174981060606062,-5.789662962739831,0.2691234951098132
AF,money,F,Hyperboloid,0.3347450095970228,0.004504957101977364,27.646431568657576,0.9171805555555557,2.6676354813029994,1.513876586195824
NG,money,C,Hyperboloid,0.20936530669694042,0.9754312969676611,17.549571697693754,0.970415865384615,-6.221414548470725,0.8547618410657875
DCRD,food,F,Hyperboloid,,0.0010741857360652568,2.1749275832674018,,4.482711883361482,2.0953155089788496
SE,music,C,Hyperboloid,0.5515248287079526,0.865114258354478,42.912239695926566,0.6284439655172414,-3.2924298082118004,0.35100476467898034
RD,food,C,Hyperboloid,0.6411134571327022,0.33576367012261965,49.05757290646879,0.7456240909090909,-2.0138644713494065,1.2312557827890145
JD,food,F,Hyperboloid,0.19198448457657363,0.009824591111551314,16.536163828655226,0.9785063636363638,1.5177091289909173,1.7290677247576114
DCRD,money,F,Hyperboloid,0.2170740366462752,0.9580263922632324,18.48868416511636,0.962712890625,-4.788637124341209,0.3734438056287099
GW,music,F,Hyperboloid,0.4454066172345458,0.831705218862368,35.41894983474093,0.8767092013888889,-3.758206582439171,0.6558723875984618
RR,food,C,Hyperboloid,0.4303644595300348,0.2413537773873486,33.5881001679355,0.8865304687499999,-1.6572539010439986,1.3584438505733871
LG,music,C,Hyperboloid,0.3513556341098797,0.5707366403222662,27.687563721051,0.9270503095975232,-3.2024585591410157,1.3485233467437905
ZZ,food,C,Hyperboloid,0.3901229726787435,0.11707071001053432,31.167948181325755,0.8932054545454546,-0.3386185128623671,1.1447483957824476
PF,music,C,Hyperboloid,0.40182223996956645,0.7947555927497312,32.53414358852351,0.901913961038961,-3.6117150752235823,0.7285649731772166
ND,music,F,Hyperboloid,0.3644658463836844,0.47197362281147026,29.77272917049782,0.9254330495356037,-2.882446542686088,1.4591058322397417
CF,money,F,Hyperboloid,0.3497050543991521,0.37623313682499515,27.985062847455083,0.9282496130030958,-2.0751673090719707,1.1265516295559443
AK,food,F,Hyperboloid,0.8519113675796575,0.2686009332040716,63.50908400346251,0.298123046875,-1.5915370713075707,1.1877497911886903
CV,money,C,Hyperboloid,0.12427752205268996,0.9943115468644506,10.491233075551174,0.9485238970588238,-6.213521104583457,0.19389693939245609
MK,money,C,Hyperboloid,0.3221224828269007,0.951780545662605,26.91017621670571,0.9177952272727273,-4.99065987393324,0.520416046298357
ZZ,music,F,Hyperboloid,0.45192588539281847,0.10975195350010354,35.4934734875836,0.8696538149350649,-0.48347509954883156,1.274837593274307
FD,food,C,Hyperboloid,0.35526422360203425,0.022519557342051792,28.979918854440893,0.9040385802469134,1.2582267794540984,1.3320521257217175
VB,food,F,Hyperboloid,0.43309668739339974,0.19032480216113823,33.34330542176825,0.8694638888888891,-1.6863285839716244,1.6847449415731308
JDA,music,F,Hyperboloid,0.5373693543295619,0.4166271836414372,44.0601477544317,0.8354307484567902,-1.7230201299458245,0.8029174543663119
KM,food,C,Hyperboloid,0.3507613306530325,0.8869437547736392,27.859174263354692,0.9225401785714284,-5.099110914534493,1.4157517643799107
LS,music,F,Hyperboloid,0.2961839711003615,0.9361994922313652,23.901121066854877,0.9487410714285713,-5.722842896870017,1.4022686694082742
NG,money,F,Hyperboloid,0.44305066910378954,0.4347331967364755,34.75438904742834,0.8793676470588236,-1.6632280261112231,0.7342135056050967
CL,food,C,Hyperboloid,0.45145327310253075,0.8964925581774921,34.98089104572029,0.8615187499999998,-5.257892002279463,1.496665444468617
CF,money,C,Hyperboloid,0.2852044440252176,0.6956038578461184,24.84053563675555,0.9495775162337662,-2.2101463690238026,0.419778676334515
DCRD,food,C,Hyperboloid,0.2357159631032465,0.90006995964488,19.968910990798943,0.9632548076923076,-3.194708553514665,0.23515131845753082
AH,food,F,Hyperboloid,0.3953874693781925,0.7962229304724284,30.94648220814116,0.9006886718749999,-3.997504438241647,1.0021302585879024
SG,music,F,Hyperboloid,0.2119485332106634,0.9949967973034513,17.12383404661067,0.6738722426470588,-6.273342154641143,0.18076760117185753
SD,music,F,Hyperboloid,0.39283184917477404,0.24368645196852393,31.30691768217921,0.9055219155844154,-1.739958824715432,1.4162647931934986
JSL,money,C,Hyperboloid,0.40442142817887244,0.4294443124301019,32.12230888764632,0.9082047213622293,-2.5629199384807313,1.3232998117107964
NG,food,C,Hyperboloid,0.4498951791677079,0.8729783238530413,35.88875283142443,0.8715659722222222,-4.286444569508255,0.7594086059119614
CC,money,F,Hyperboloid,0.330905080723839,0.3803053450018576,27.485971260358117,0.9310976190476192,-2.3380622792835877,1.3220591585580705
SA,music,F,Hyperboloid,0.9158877479699166,0.21525134686439046,69.04949187132408,0.3553765625,-1.218893702181049,1.1640027292918598
BF,food,C,Hyperboloid,0.2713830414310157,0.8538552831014876,24.89003449759651,0.9416323160535117,-2.970349732426491,0.30001426650577495
EM,food,F,Hyperboloid,0.2735411544569817,0.06340519575622988,22.264998425295545,0.9539188368055554,-0.4967004834883243,1.7773691688953321
RD,music,F,Hyperboloid,0.5638786433202059,0.7313028678961757,44.52396782298551,0.835004389632107,-3.386396034896723,0.8367567584233427
ND,money,C,Hyperboloid,0.33957471183746435,0.94544484411814,26.831707846160505,0.9285032467532467,-6.118956289473024,1.752603292432932
CL,music,F,Hyperboloid,0.19975589467640542,0.5492687767661115,19.224872575399843,0.9544547213622291,0.10526440468577299,0.2335663760619554
FD,money,F,Hyperboloid,0.3967755211621943,0.37005952651248575,30.99949110940622,0.8976716820987652,-2.3596716589296403,1.3858304476520042
SG,music,C,Hyperboloid,,0.9967271351257095,1.7067652529968962,,-6.51586425584733,0.14994087202687367
CC,food,C,Hyperboloid,0.8443850978252314,0.6635537406632335,63.30070158205567,0.275794921875,-3.04260054671822,0.8513805106707273
SD,food,C,Hyperboloid,0.33888451336009806,0.944565956767081,27.035917278568093,0.9242426215277776,-5.6211810872262475,1.097707198754034
RV,food,C,Hyperboloid,0.4239583835750843,0.9315848021271276,33.98691844820422,0.8712106818181821,-5.286042237430153,0.9908004360875263
YVH,music,C,Hyperboloid,0.8206986018182509,0.2721388079707986,62.51946199693966,0.5237790247678018,-1.4073590653804222,1.0568895769173792
JSL,money,F,Hyperboloid,0.43847561189461126,0.7400617746211797,34.567750294022616,0.8931168730650153,-3.6541689420315335,0.9999338863411547
MH,money,F,Hyperboloid,0.5272739737490558,0.4023278709156344,41.46203951254174,0.8301331269349846,-1.9297229753456895,0.9487748753114208
ND,food,C,Hyperboloid,0.4223739559990611,0.5641634062908873,32.78157538931272,0.8922723765432099,-3.310688387360209,1.5024606885961211
LD,money,C,Hyperboloid,0.30027093721664033,0.7726736895576207,27.080212968397163,0.9528982421875,-3.8763286517259767,1.0265250413224671
BF,music,F,Hyperboloid,0.3823392911280823,0.5405988618146071,30.638542075556664,0.9176714891975309,-2.9844304508919426,1.261529852444071
MH,music,C,Hyperboloid,0.2685102483585041,0.4472157184086996,21.675978507348894,0.9530740740740739,-3.2289582883752472,2.064084030805921
SD,food,F,Hyperboloid,0.2854505016528364,0.2058748819446624,23.24326256204631,0.9525847222222222,-1.8892647342943347,1.7972657366509193
GW,money,C,Hyperboloid,0.383083002055282,0.8019905905317705,30.322066559697195,0.8960911371237459,-3.989615726369292,0.9626533586189812
CL,music,C,Hyperboloid,0.2873210881267507,0.751476589202865,23.822469998194194,0.9486027777777779,-2.534510442007143,0.4048573730045732
PF,money,C,Hyperboloid,0.3021592821242961,0.9032301896605686,24.78545708850091,0.9396367056856186,-5.430149660240938,1.6418999533572398
JSL,music,F,Hyperboloid,0.43727410183060783,0.41634612325007025,34.63895905047781,0.8723753906249999,-2.0741237922304254,0.9940592322289349
DN,music,C,Hyperboloid,,0.9964789642095916,1.7015841847960442,,-6.448194104839747,0.15093217730148137
KM,music,F,Hyperboloid,0.3604598712541863,0.7307214698244338,28.878225186169022,0.9146499613003095,-3.900243036774406,1.2862832993242685
JLN,food,F,Hyperboloid,0.34776808367329604,0.21259143032567734,27.384929777057422,0.9187386363636365,-1.837863043364471,1.6928173245723783
FD,money,C,Hyperboloid,0.3116546785437828,0.43546503585359453,25.752281424217394,0.9430496093749999,-2.799124188649373,1.5399068041352153
BJ,food,C,Hyperboloid,0.9264845477426982,0.22155573298787692,88.44867685334079,0.016201704545454543,-1.3563062638780516,1.226500189386888
JDA,money,F,Hyperboloid,0.510235034379897,0.3426367536520407,39.38753115830737,0.8273854166666665,-1.786794365209506,1.0473221990553374
YVH,money,C,Hyperboloid,0.4464718968607039,0.9690610084195511,35.75171702076763,0.8426664094650206,-5.453665908125097,0.5125815875819076
JD,music,C,Hyperboloid,0.31924292323045006,0.6370458937050801,27.234899943747937,0.9468158730158731,-2.19415741712699,0.5216594189935267
BF,money,F,Hyperboloid,0.31170283001793186,0.9535082226169275,26.95118644895984,0.9345795454545454,-4.933546588772541,0.47500583789848894
AB,money,F,Hyperboloid,0.3282863286427926,0.9898704041211503,26.609366551729185,0.78364453125,-6.1435108262272315,0.32333909956661516
BD,food,F,Hyperboloid,0.4270396379062092,0.24271989218930773,32.99751622803061,0.8829448412698416,-1.8570503332488186,1.5284541906988787
SE,food,F,Hyperboloid,0.37411493801609985,0.03106168695816269,31.376025603282237,0.8387820197044337,0.6511406786895894,1.4810061818273066
BF,money,C,Hyperboloid,0.25046034621992647,0.9580803405029344,20.837641933627594,0.9570283653846152,-5.369323434006782,0.6453634923284554
BF,music,C,Hyperboloid,0.33263830794465443,0.8065116137182684,27.07258119805043,0.9335911371237458,-2.903664870596074,0.39170285151698114
CC,music,F,Hyperboloid,0.3146453015651418,0.353558777444698,25.382759853949835,0.9470119969040247,-1.9251756233330808,1.100819424558067
DG,money,F,Hyperboloid,0.40731562538690935,0.6046544908044702,34.03378265038491,0.8988498046875,-1.5906526823944682,0.41048033089250685
ER,music,C,Hyperboloid,0.2671436173995434,0.976050952835433,22.402269202553363,0.9374378078817737,-5.343420125472068,0.3552935437145813
LD,music,C,Hyperboloid,0.3718787749397197,0.9307404788746907,29.868417735202303,0.9038033854166665,-5.496727784924741,1.2282475155470616
CV,music,C,Hyperboloid,0.48301231886047624,0.8894521147298757,38.9117094414634,0.8464550585284281,-4.079390056304443,0.5437604427908802
BJ,money,F,Hyperboloid,0.38810439798630975,0.8146387242090494,30.502224388826466,0.9084476562499999,-4.4942085614133624,1.3980836984923013
MK,music,C,Hyperboloid,0.3846935821569925,0.8656028059046241,32.88025245046426,0.9228607859531773,-4.2981081831610375,0.8163970144172812
LS,food,C,Hyperboloid,0.3687055414915462,0.848663621311147,28.898419862739303,0.9106895292207793,-4.7874578808679145,1.4559673776594269
RR,money,C,Hyperboloid,0.5409574919972513,0.5895245180151353,42.42968797890791,0.8329942129629629,-2.5094508057198732,0.7598401242572455
AD,food,C,Hyperboloid,0.4514949622146456,0.6469836221823873,34.80377963004377,0.863875,-3.7510168313532395,1.6043765534235264
AH,music,C,Hyperboloid,0.41406828732457857,0.6214025765544422,33.58961269976529,0.9021220703124999,-3.6963252753407687,1.6856200624265276
AF,food,C,Hyperboloid,0.3712841749100495,0.13156918339243098,29.316165784432055,0.9111479933110369,-0.9652674065150343,1.452509627958836
AK,music,F,Hyperboloid,0.4545829162248713,0.650935216607041,35.721045477560395,0.8593351562500001,-3.249657983807302,1.0487585605874814
JL,food,F,Hyperboloid,0.5177017802026984,0.19418938845071881,41.899581978462194,0.7849739583333334,-1.038369278108298,1.1456798957698193
GA,money,C,Hyperboloid,0.43841581773263816,0.7835161544793128,34.52637688779202,0.8707065217391307,-3.341162317123858,0.6228244571881555
FD,music,F,Hyperboloid,0.4205061941694669,0.22361112631626923,33.57604272144456,0.8783409090909091,-1.3553412241292517,1.2165794191031387
ER,food,F,Hyperboloid,0.5618947300930144,0.6238473025483922,43.450314755836196,0.830567261904762,-3.137840231121999,1.0634760042680542
ZZ,money,C,Hyperboloid,0.36829446984729003,0.27386716597154237,30.208503739827265,0.9253095238095239,-1.8847973751873435,1.3929045443301984
JD,food,C,Hyperboloid,0.32688053489011437,0.44076159265906323,26.62243578738872,0.9419907407407409,-1.9432676751045082,0.850093083414106
AB,music,C,Hyperboloid,0.4493690759115603,0.9201987599426757,37.18502236517998,0.862630909090909,-3.9708420438301273,0.3494847512665266
JLN,music,C,Hyperboloid,0.4160807514331095,0.42449470119111055,32.511463600809435,0.8919818672839507,-2.9546622187768663,1.792018279743423
GW,food,F,Hyperboloid,0.4486206094805927,0.3588240201778766,34.69896336986114,0.856893650793651,-1.9621129713266792,1.1078592014425777
BD,money,C,Hyperboloid,0.3940844610199298,0.8681488645772846,35.09796300517706,0.9078020334928231,-4.995073028497333,1.5178501406771425
DD,money,F,Hyperboloid,0.21286487635335943,0.6912425707569696,19.206335957027793,0.9651793831168829,-1.9381442927186134,0.36189837554719606
AB,money,C,Hyperboloid,0.2846371943737969,0.9843481191590308,23.89402367806008,0.9368702566964285,-5.343296229949288,0.23088227866182437
AF,money,C,Hyperboloid,0.4576220753432314,0.4319841404342869,36.067420947309216,0.8705421875,-2.563781874058853,1.3135845254593534
CF,music,C,Hyperboloid,0.3061511017992038,0.4337179797118359,24.453563342257706,0.9414945987654318,-3.132979443891598,1.9976168362126334
CF,food,C,Hyperboloid,0.4067264956156452,0.31081086446321554,33.11201231868796,0.9058662109375,-1.7131597126254017,1.1093703815143976
MK,food,F,Hyperboloid,0.47873583331942937,0.326057106130692,38.68045584547085,0.8622781746031749,-1.8211774880738176,1.1269980922013787
NG,music,C,Hyperboloid,0.38599781714007086,0.580515021732708,31.01838497887304,0.9089574218750001,-2.911549514224201,1.0441888918272233
ER,food,C,Hyperboloid,,0.9942126396561628,1.6829241289878756,,-6.250610301389493,0.20459225510093063
JL,music,F,Hyperboloid,0.39314981241363145,0.9252238411167888,31.57001975250338,0.8986119791666665,-5.274428836368653,1.075830230776075
JB,food,C,Hyperboloid,0.35770296026027193,0.9683316494685447,28.706877331535125,0.9231978365384614,-5.068756462441449,0.363747442027403
AH,food,C,Hyperboloid,0.34768417670885965,0.6014580909940292,27.613621385173822,0.9286300154320989,-3.5107542526258086,1.552173178420638
DCRD,music,F,Hyperboloid,0.27364752503146794,0.9289744028079132,22.380622654978005,0.9602111204013379,-3.924257224809509,0.29701704618023755
ER,music,F,Hyperboloid,0.3569747166554115,0.4849512039189848,27.962747991870792,0.9243086419753089,-3.201649611846311,1.7891890779128499
AD,money,F,Hyperboloid,0.4356745096030896,0.49506704093199067,34.68141739031511,0.8880983796296297,-2.243589088951995,0.8675356328436054
SP,money,F,Hyperboloid,0.42078761271253384,0.1512922111690323,32.68800623466739,0.8804281684027777,-1.2696193316986377,1.562038438467245
GA,money,F,Hyperboloid,0.33741539944305704,0.8815154677690314,27.74847576842912,0.9325946906354514,-5.009583335729884,1.368946951622202
YVH,money,F,Hyperboloid,,0.0010291299626312381,2.1128864425586538,,4.8401535846712065,2.2107129780790054
RV,music,C,Hyperboloid,0.33580224058326635,0.27124425346697634,26.876870976321953,0.9320269531249998,-1.4442636427739162,1.0821095145524595
CL,money,F,Hyperboloid,0.39926671729539265,0.609167463233276,32.9644443895445,0.8999876984126985,-2.708020926035315,0.8148169621562438
SG,money,C,Hyperboloid,0.5585829879128088,0.429371340553506,47.01585902078909,0.8019607198142416,-2.044296313223184,0.9371489477873326
BJ,food,F,Hyperboloid,0.9107011577633595,0.2673429234548074,67.48533200506834,0.023120941558441556,-1.5966707211357074,1.196434117016493
SG,money,F,Hyperboloid,0.35421595045363063,0.12000805479305118,27.849366161716908,0.9268551136363636,-1.1899201521655158,1.753439987690344
RD,food,F,Hyperboloid,0.5708292185520338,0.07118857311971924,44.46811304874613,0.7535350000000001,0.0540356738363958,1.2715096791729439
AT,music,C,Hyperboloid,0.3812368187729478,0.7045370351529173,30.485746028185567,0.9077682539682541,-4.011044912837844,1.5903434503283003
AB,food,C,Hyperboloid,0.42662914371100225,0.957084022000448,34.21829852380168,0.8670586363636364,-5.543496922942897,0.781602693302756
LG,money,C,Hyperboloid,0.3430121619263913,0.5463851577581615,28.37290843553481,0.9329883900928794,-3.1388690900119456,1.393117502457011
